SET SQL_MODE = "NO_AUTO_VALUE_ON_ZERO";

/*!40101 SET @OLD_CHARACTER_SET_CLIENT=@@CHARACTER_SET_CLIENT */;
/*!40101 SET @OLD_CHARACTER_SET_RESULTS=@@CHARACTER_SET_RESULTS */;
/*!40101 SET @OLD_COLLATION_CONNECTION=@@COLLATION_CONNECTION */;
/*!40101 SET NAMES utf8mb4 */;

-- --------------------------------------------------------
--
-- Zrzut danych tabeli `article`
--

INSERT INTO `article` (`id`, `name`, `slug`, `thumb`, `content`, `lid`, `keywords`, `description`, `date`) VALUES
(1, 'Lorem Ipsum', 'lorem-ipsum', '/upload/images/article1.jpg', '<p>Lorem ipsum dolor sit amet, consectetur adipiscing elit, sed do eiusmod tempor incididunt ut labore et dolore magna aliqua. Ut enim ad minim veniam, quis nostrud exercitation ullamco laboris nisi ut aliquip ex ea commodo consequat. Duis aute irure dolor in reprehenderit in voluptate velit esse cillum dolore eu fugiat nulla pariatur. Excepteur sint occaecat cupidatat non proident, sunt in culpa qui officia deserunt mollit anim id est laborum.</p>\r\n\r\n<p>Lorem ipsum dolor sit amet, consectetur adipiscing elit, sed do eiusmod tempor incididunt ut labore et dolore magna aliqua. Ut enim ad minim veniam, quis nostrud exercitation ullamco laboris nisi ut aliquip ex ea commodo consequat. Duis aute irure dolor in reprehenderit in voluptate velit esse cillum dolore eu fugiat nulla pariatur. Excepteur sint occaecat cupidatat non proident, sunt in culpa qui officia deserunt mollit anim id est laborum.</p>\r\n\r\n<p>Lorem ipsum dolor sit amet, consectetur adipiscing elit, sed do eiusmod tempor incididunt ut labore et dolore magna aliqua. Ut enim ad minim veniam, quis nostrud exercitation ullamco laboris nisi ut aliquip ex ea commodo consequat. Duis aute irure dolor in reprehenderit in voluptate velit esse cillum dolore eu fugiat nulla pariatur. Excepteur sint occaecat cupidatat non proident, sunt in culpa qui officia deserunt mollit anim id est laborum.</p>\r\n', 'Lorem ipsum dolor sit amet, consectetur adipiscing elit, sed do eiusmod tempor incididunt ut labore et dolore magna aliqua. Ut enim ad minim veniam, quis nostrud exercitation ullamco laboris nisi ut aliquip ex ea commodo consequat.', 'słowo kluczowe 1, słowo kluczowe 2, słowo kluczowe 3', 'To jest opis SEO', '2019-10-23 13:05:18'),
(2, 'Znajdź najtańsze mieszkanie w Warszawie już dziś!', 'znajdz-najtansze-mieszkanie-w-warszawie-juz-dzis', '/upload/images/article2.jpg', '<p>Lorem ipsum dolor sit amet, consectetur adipiscing elit, sed do eiusmod tempor incididunt ut labore et dolore magna aliqua. Ut enim ad minim veniam, quis nostrud exercitation ullamco laboris nisi ut aliquip ex ea commodo consequat. Duis aute irure dolor in reprehenderit in voluptate velit esse cillum dolore eu fugiat nulla pariatur. Excepteur sint occaecat cupidatat non proident, sunt in culpa qui officia deserunt mollit anim id est laborum.</p>\r\n\r\n<p>Lorem ipsum dolor sit amet, consectetur adipiscing elit, sed do eiusmod tempor incididunt ut labore et dolore magna aliqua. Ut enim ad minim veniam, quis nostrud exercitation ullamco laboris nisi ut aliquip ex ea commodo consequat. Duis aute irure dolor in reprehenderit in voluptate velit esse cillum dolore eu fugiat nulla pariatur. Excepteur sint occaecat cupidatat non proident, sunt in culpa qui officia deserunt mollit anim id est laborum.</p>\r\n\r\n<p>Lorem ipsum dolor sit amet, consectetur adipiscing elit, sed do eiusmod tempor incididunt ut labore et dolore magna aliqua. Ut enim ad minim veniam, quis nostrud exercitation ullamco laboris nisi ut aliquip ex ea commodo consequat. Duis aute irure dolor in reprehenderit in voluptate velit esse cillum dolore eu fugiat nulla pariatur. Excepteur sint occaecat cupidatat non proident, sunt in culpa qui officia deserunt mollit anim id est laborum.</p>\r\n', 'Lorem ipsum dolor sit amet, consectetur adipiscing elit, sed do eiusmod tempor incididunt ut labore et dolore magna aliqua.', '', '', '2019-10-23 13:07:18'),
(3, 'Skrypt bazy nieruchomości Holmes2', 'skrypt-bazy-nieruchomosci-holmes2', '/upload/images/article3.jpg', '<p>Sed ut perspiciatis unde omnis iste natus error sit voluptatem accusantium doloremque laudantium, totam rem aperiam, eaque ipsa quae ab illo inventore veritatis et quasi architecto beatae vitae dicta sunt explicabo. Nemo enim ipsam voluptatem quia voluptas sit aspernatur aut odit aut fugit, sed quia consequuntur magni dolores eos qui ratione voluptatem sequi nesciunt. Neque porro quisquam est, qui dolorem ipsum quia dolor sit amet, consectetur, adipisci velit, sed quia non numquam eius modi tempora incidunt ut labore et dolore magnam aliquam quaerat voluptatem. Ut enim ad minima veniam, quis nostrum exercitationem ullam corporis suscipit laboriosam, nisi ut aliquid ex ea commodi consequatur? Quis autem vel eum iure reprehenderit qui in ea voluptate velit esse quam nihil molestiae consequatur, vel illum qui dolorem eum fugiat quo voluptas nulla pariatur?</p>\r\n\r\n<p>Sed ut perspiciatis unde omnis iste natus error sit voluptatem accusantium doloremque laudantium, totam rem aperiam, eaque ipsa quae ab illo inventore veritatis et quasi architecto beatae vitae dicta sunt explicabo. Nemo enim ipsam voluptatem quia voluptas sit aspernatur aut odit aut fugit, sed quia consequuntur magni dolores eos qui ratione voluptatem sequi nesciunt. Neque porro quisquam est, qui dolorem ipsum quia dolor sit amet, consectetur, adipisci velit, sed quia non numquam eius modi tempora incidunt ut labore et dolore magnam aliquam quaerat voluptatem. Ut enim ad minima veniam, quis nostrum exercitationem ullam corporis suscipit laboriosam, nisi ut aliquid ex ea commodi consequatur? Quis autem vel eum iure reprehenderit qui in ea voluptate velit esse quam nihil molestiae consequatur, vel illum qui dolorem eum fugiat quo voluptas nulla pariatur?</p>\r\n', 'Sed ut perspiciatis unde omnis iste natus error sit voluptatem accusantium doloremque laudantium, totam rem aperiam, eaque ipsa quae ab illo inventore veritatis et quasi architecto beatae vitae dicta sunt explicabo.', '', '', '2019-10-23 13:07:58');

--
-- Zrzut danych tabeli `category`
--

INSERT INTO `category` (`id`, `category_id`, `position`, `slug`, `name`, `cost`, `thumb`, `path`, `content`, `h1`, `title`, `keywords`, `description`) VALUES
(1, 0, 1, 'dom', 'Dom', 0, '', 'dom', '', '', '', '', ''),
(2, 0, 6, 'mieszkanie', 'Mieszkanie', 0, '', 'mieszkanie', '', '', '', '', ''),
(3, 0, 2, 'dzialka', 'Działka', 0, '', 'dzialka', '', '', '', '', ''),
(4, 0, 7, 'pokoj', 'Pokój', 0, '', 'pokoj', '', '', '', '', ''),
(5, 0, 4, 'hala--magazyn', 'Hala / magazyn', 0, '', 'hala--magazyn', '', '', '', '', ''),
(7, 0, 9, 'willa-palac-zamek', 'Willa, pałac, zamek', 0, '', 'willa-palac-zamek', '', '', '', '', ''),
(8, 0, 5, 'lokal', 'Lokal', 0, '', 'lokal', '', '', '', '', ''),
(9, 8, 1, 'lokal-uzytkowy', 'Lokal użytkowy', 0, '', 'lokal/lokal-uzytkowy', '', '', '', '', ''),
(10, 8, 2, 'lokal-biurowy', 'Lokal biurowy', 0, '', 'lokal/lokal-biurowy', '', '', '', '', ''),
(11, 8, 3, 'lokal-uslugowy', 'Lokal usługowy', 0, '', 'lokal/lokal-uslugowy', '', '', '', '', ''),
(12, 0, 3, 'garaz', 'Garaż', 0, '', 'garaz', '', '', '', '', ''),
(13, 1, 1, 'blizniak', 'Bliźniak', 0, '', 'dom/blizniak', '', '', '', '', ''),
(14, 1, 2, 'wolnostojacy', 'Wolnostojący', 0, '', 'dom/wolnostojacy', '', '', '', '', ''),
(15, 1, 3, 'pietro-domu', 'Piętro domu', 0, '', 'dom/pietro-domu', '', '', '', '', ''),
(16, 3, 1, 'dzialka-pod-budowe', 'Działka pod budowę', 0, '', 'dzialka/dzialka-pod-budowe', '', '', '', '', ''),
(17, 3, 2, 'grunt-inwestycyjny', 'Grunt inwestycyjny', 0, '', 'dzialka/grunt-inwestycyjny', '', '', '', '', ''),
(18, 1, 4, 'szeregowiec', 'Szeregowiec', 0, '', 'dom/szeregowiec', '', '', '', '', ''),
(19, 12, 1, 'w-bloku', 'W bloku', 0, '', 'garaz/w-bloku', '', '', '', '', ''),
(20, 12, 2, 'wolnostojacy', 'Wolnostojący', 0, '', 'garaz/wolnostojacy', '', '', '', '', ''),
(21, 12, 3, 'przy-domu', 'Przy domu', 0, '', 'garaz/przy-domu', '', '', '', '', ''),
(22, 12, 4, 'inne', 'Inne', 0, '', 'garaz/inne', '', '', '', '', ''),
(23, 2, 1, 'w-kamienicy', 'W kamienicy', 0, '', 'mieszkanie/w-kamienicy', '', '', '', '', ''),
(24, 2, 2, 'w-bloku', 'W bloku', 0, '', 'mieszkanie/w-bloku', '', '', '', '', ''),
(25, 2, 3, 'w-apartamentowcu', 'W apartamentowcu', 0, '', 'mieszkanie/w-apartamentowcu', '', '', '', '', ''),
(26, 2, 4, 'inne', 'Inne', 0, '', 'mieszkanie/inne', '', '', '', '', ''),
(27, 4, 1, 'w-bloku', 'W bloku', 0, '', 'pokoj/w-bloku', '', '', '', '', ''),
(28, 4, 2, 'w-domu', 'W domu', 0, '', 'pokoj/w-domu', '', '', '', '', ''),
(29, 7, 3, 'willa', 'Willa', 0, '', 'willa-palac-zamek/willa', '', '', '', '', ''),
(30, 7, 2, 'palac', 'Pałac', 0, '', 'willa-palac-zamek/palac', '', '', '', '', ''),
(31, 7, 4, 'zamek', 'Zamek', 0, '', 'willa-palac-zamek/zamek', '', '', '', '', ''),
(32, 7, 1, 'dworek', 'Dworek', 0, '', 'willa-palac-zamek/dworek', '', '', '', '', '');

--
-- Zrzut danych tabeli `option`
--

INSERT INTO `option` (`id`, `name`, `position`, `kind`, `required`, `categories_all`, `search`, `select_choices`) VALUES
(1, 'Rynek', 1, 'select', 0, 0, 1, 'Pierwotny\r\nWtórny'),
(2, 'Powierzchnia (w m2)', 2, 'number', 0, 0, 1, ''),
(3, 'Rok budowy', 3, 'number', 0, 0, 1, ''),
(4, 'Liczba pięter', 4, 'number', 0, 0, 1, ''),
(5, 'Liczba pokoi / pomieszczeń', 5, 'text', 0, 0, 1, ''),
(6, 'Ogrodzenie działki', 6, 'select', 0, 0, 1, 'brak\r\ndrewniane\r\nmurowane\r\nmetalowe\r\nsiatka\r\nżywopłot'),
(7, 'Ogrzewanie', 7, 'select', 0, 0, 1, 'brak\r\nCO elektryczne\r\nCO gazowe\r\nCO miejskie\r\nCO węglowe\r\nkominek\r\nolejowe\r\npiec\r\npiec węglowy'),
(8, 'Kanalizacja', 8, 'select', 0, 1, 1, 'brak\r\nmiejska\r\nszambo'),
(9, 'Stan obiektu', 9, 'select', 0, 0, 1, 'bardzo dobry\r\ndo odnowienia\r\ndo remontu\r\ndo wykończenia\r\ndobry\r\nodnowiony\r\npo remoncie\r\nsurowy zamknięty\r\nsurowy otwarty\r\nw budowie'),
(11, 'Umeblowane', 10, 'select', 0, 0, 1, 'Tak\r\nNie'),
(12, 'Powierzchnia działki (w m2)', 11, 'number', 0, 0, 1, '');

--
-- Zrzut danych tabeli `option_category`
--

INSERT INTO `option_category` (`option_id`, `option_category`) VALUES
(1, 1),
(1, 13),
(1, 14),
(1, 15),
(1, 18),
(1, 12),
(1, 19),
(1, 20),
(1, 21),
(1, 22),
(1, 5),
(1, 8),
(1, 9),
(1, 10),
(1, 11),
(1, 2),
(1, 23),
(1, 24),
(1, 25),
(1, 26),
(1, 7),
(1, 32),
(1, 30),
(1, 29),
(1, 31),
(3, 1),
(3, 13),
(3, 14),
(3, 15),
(3, 18),
(3, 12),
(3, 19),
(3, 20),
(3, 21),
(3, 22),
(3, 5),
(3, 8),
(3, 9),
(3, 10),
(3, 11),
(3, 2),
(3, 23),
(3, 24),
(3, 25),
(3, 26),
(3, 7),
(3, 32),
(3, 30),
(3, 29),
(3, 31),
(4, 1),
(4, 13),
(4, 14),
(4, 15),
(4, 18),
(4, 5),
(4, 8),
(4, 9),
(4, 10),
(4, 11),
(4, 7),
(4, 32),
(4, 30),
(4, 29),
(4, 31),
(5, 1),
(5, 13),
(5, 14),
(5, 15),
(5, 18),
(5, 5),
(5, 8),
(5, 9),
(5, 10),
(5, 11),
(5, 2),
(5, 23),
(5, 24),
(5, 25),
(5, 26),
(5, 7),
(5, 32),
(5, 30),
(5, 29),
(5, 31),
(6, 3),
(6, 16),
(6, 17),
(7, 1),
(7, 13),
(7, 14),
(7, 15),
(7, 18),
(7, 12),
(7, 19),
(7, 20),
(7, 21),
(7, 22),
(7, 5),
(7, 8),
(7, 9),
(7, 10),
(7, 11),
(7, 2),
(7, 23),
(7, 24),
(7, 25),
(7, 26),
(7, 4),
(7, 27),
(7, 28),
(7, 7),
(7, 32),
(7, 30),
(7, 29),
(7, 31),
(9, 1),
(9, 13),
(9, 14),
(9, 15),
(9, 18),
(9, 12),
(9, 19),
(9, 20),
(9, 21),
(9, 22),
(9, 5),
(9, 8),
(9, 9),
(9, 10),
(9, 11),
(9, 2),
(9, 23),
(9, 24),
(9, 25),
(9, 26),
(9, 7),
(9, 32),
(9, 30),
(9, 29),
(9, 31),
(11, 1),
(11, 13),
(11, 14),
(11, 15),
(11, 18),
(11, 2),
(11, 23),
(11, 24),
(11, 25),
(11, 26),
(11, 4),
(11, 27),
(11, 28),
(2, 1),
(2, 13),
(2, 14),
(2, 15),
(2, 18),
(2, 12),
(2, 19),
(2, 20),
(2, 21),
(2, 22),
(2, 5),
(2, 8),
(2, 9),
(2, 10),
(2, 11),
(2, 2),
(2, 23),
(2, 24),
(2, 25),
(2, 26),
(2, 4),
(2, 27),
(2, 28),
(2, 7),
(2, 32),
(2, 30),
(2, 29),
(2, 31),
(12, 1),
(12, 13),
(12, 14),
(12, 15),
(12, 18),
(12, 3),
(12, 16),
(12, 17),
(12, 5),
(12, 8),
(12, 9),
(12, 10),
(12, 11),
(12, 7),
(12, 32),
(12, 30),
(12, 29),
(12, 31);

--
-- Zrzut danych tabeli `slider`
--

INSERT INTO `slider` (`id`, `content`) VALUES
(1, '<p><img alt=\"Holmes2\" class=\"d-block w-100\" src=\"/upload/images/slider1.jpg\" /></p>\r\n\r\n<div class=\"carousel-caption d-none d-md-block\">\r\n<h3>Skrypt bazy nieruchomości HOLMES2</h3>\r\n\r\n<p>To jest pokazowa wersja skryptu. Prosimy nie dodawać prawdziwych ogłoszeń</p>\r\n\r\n</div>\r\n'),
(2, '<p><img alt=\"Holmes2\" class=\"d-block w-100\" src=\"/upload/images/slider2.jpg\" /></p>\r\n\r\n<div class=\"carousel-caption d-none d-md-block\">\r\n<h3>STW&Oacute;RZ WŁASNY PORTAL Z OGŁOSZENIAMI NIERUCHOMOŚCI</h3>\r\n\r\n<p>I zacznij zarabiać w ciągu kilku minut!</p>\r\n\r\n</div>\r\n'),
(3, '<p><img alt=\"Holmes2\" class=\"d-block w-100\" src=\"/upload/images/slider3.jpg\" /></p>\r\n\r\n<div class=\"carousel-caption d-none d-md-block\">\r\n<h3>Znajdź szybko dokładnie to czego szukasz!</h3>\r\n\r\n<p>Dzięki zaawansowanej wyszukiwarce możesz znaleźć obiekt idealnie spełniający Twoje oczekiwania.</p>\r\n\r\n</div>\r\n');

--
-- Zrzut danych tabeli `state`
--

INSERT INTO `state` (`id`, `state_id`, `position`, `slug`, `name`) VALUES
(1, 0, 1, 'dolnoslaskie', 'Dolnośląskie'),
(2, 0, 2, 'kujawskopomorskie', 'Kujawsko-pomorskie'),
(3, 0, 3, 'lodzkie', 'Łódzkie'),
(4, 0, 4, 'lubelskie', 'Lubelskie'),
(5, 0, 5, 'lubuskie', 'Lubuskie'),
(6, 0, 6, 'malopolskie', 'Małopolskie'),
(7, 0, 7, 'mazowieckie', 'Mazowieckie'),
(8, 0, 8, 'opolskie', 'Opolskie'),
(9, 0, 9, 'podkarpackie', 'Podkarpackie'),
(10, 0, 10, 'podlaskie', 'Podlaskie'),
(11, 0, 11, 'pomorskie', 'Pomorskie'),
(12, 0, 12, 'slaskie', 'Śląskie'),
(13, 0, 13, 'swietokrzyskie', 'Świętokrzyskie'),
(14, 0, 14, 'warminskomazurskie', 'Warmińsko-mazurskie'),
(15, 0, 15, 'wielkopolskie', 'Wielkopolskie'),
(16, 0, 16, 'zachodniopomorskie', 'Zachodniopomorskie'),
(17, 0, 17, 'zagranica', 'Zagranica'),
(18, 1, 16, 'wroclaw', 'Wrocław'),
(19, 1, 15, 'walbrzych', 'Wałbrzych'),
(20, 1, 8, 'legnica', 'Legnica'),
(21, 1, 6, 'jelenia-gora', 'Jelenia Góra'),
(22, 1, 9, 'lubin', 'Lubin'),
(23, 1, 4, 'glogow', 'Głogów'),
(24, 1, 13, 'swidnica', 'Świdnica'),
(25, 1, 2, 'boleslawiec', 'Bolesławiec'),
(26, 1, 11, 'olesnica', 'Oleśnica'),
(27, 1, 3, 'dzierzoniow', 'Dzierżoniów'),
(28, 1, 12, 'olawa', 'Oława'),
(29, 1, 17, 'zgorzelec', 'Zgorzelec'),
(30, 1, 1, 'bielawa', 'Bielawa'),
(31, 1, 7, 'klodzko', 'Kłodzko'),
(32, 1, 5, 'jawor', 'Jawor'),
(33, 1, 14, 'swiebodzice', 'Świebodzice'),
(34, 1, 10, 'nowa-ruda', 'Nowa Ruda'),
(35, 2, 3, 'bydgoszcz', 'Bydgoszcz'),
(36, 2, 6, 'grudziadz', 'Grudziądz'),
(37, 2, 15, 'torun', 'Toruń'),
(38, 2, 16, 'wloclawek', 'Włocławek'),
(39, 2, 1, 'aleksandrow-kujawski', 'Aleksandrów Kujawski'),
(40, 2, 2, 'brodnica', 'Brodnica'),
(41, 2, 4, 'chelmno', 'Chełmno'),
(42, 2, 5, 'golub-dobrzyn', 'Golub-Dobrzyń'),
(43, 2, 7, 'inowroclaw', 'Inowrocław'),
(44, 2, 8, 'lipno', 'Lipno'),
(45, 2, 9, 'mogilno', 'Mogilno'),
(46, 2, 10, 'naklo-nad-notecia', 'Nakło nad Notecią'),
(47, 2, 11, 'radziejow', 'Radziejów'),
(48, 2, 12, 'rypin', 'Rypin'),
(49, 2, 13, 'sepolno-krajenskie', 'Sępólno Krajeńskie'),
(50, 2, 14, 'swiecie', 'Świecie'),
(51, 2, 17, 'znin', 'Żnin'),
(52, 4, 9, 'lublin', 'Lublin'),
(53, 4, 17, 'zamosc', 'Zamość'),
(54, 4, 3, 'chelm', 'Chełm'),
(55, 4, 1, 'biala-podlaska', 'Biała Podlaska'),
(56, 4, 13, 'pulawy', 'Puławy'),
(57, 4, 15, 'swidnik', 'Świdnik'),
(58, 4, 7, 'krasnik', 'Kraśnik'),
(59, 4, 11, 'lukow', 'Łuków'),
(60, 4, 2, 'bilgoraj', 'Biłgoraj'),
(61, 4, 8, 'lubartow', 'Lubartów'),
(62, 4, 16, 'tomaszow-lubelski', 'Tomaszów Lubelski'),
(63, 4, 10, 'leczna', 'Łęczna'),
(64, 4, 6, 'krasnystaw', 'Krasnystaw'),
(65, 4, 5, 'hrubieszow', 'Hrubieszów'),
(66, 4, 12, 'miedzyrzecz-podlaski', 'Międzyrzecz Podlaski'),
(67, 4, 4, 'deblin', 'Dęblin'),
(68, 4, 14, 'radzyn-podlaski', 'Radzyń Podlaski'),
(69, 5, 2, 'gorzow-wielkopolski', 'Gorzów Wielkopolski'),
(70, 5, 16, 'zielona-gora', 'Zielona Góra'),
(71, 5, 1, 'drezdenko', 'Drezdenko'),
(72, 5, 3, 'gubin', 'Gubin'),
(73, 5, 4, 'kostrzyn-nad-odra', 'Kostrzyn nad Odrą'),
(74, 5, 6, 'lubsko', 'Lubsko'),
(75, 5, 5, 'krosno-odrzanskie', 'Krosno Odrzańskie	'),
(76, 5, 7, 'miedzyrzecz', 'Międzyrzecz'),
(77, 5, 8, 'nowa-sol', 'Nowa Sól'),
(78, 5, 9, 'slubice', 'Słubice'),
(79, 5, 11, 'sulechow', 'Sulechów'),
(80, 5, 10, 'strzelce-krajenskie', 'Strzelce Krajeńskie'),
(81, 5, 12, 'sulecin', 'Sulęcin'),
(82, 5, 13, 'szprotawa', 'Szprotawa'),
(83, 5, 14, 'swiebodzin', 'Świebodzin'),
(84, 5, 15, 'wschowa', 'Wschowa'),
(85, 5, 17, 'zagan', 'Żagań'),
(86, 5, 18, 'zary', 'Żary'),
(87, 3, 6, 'lodz', 'Łódź'),
(88, 3, 10, 'piotrkow-trybunalski', 'Piotrków Trybunalski'),
(89, 3, 9, 'pabianice', 'Pabianice'),
(90, 3, 14, 'tomaszow-mazowiecki', 'Tomaszów Mazowiecki'),
(91, 3, 2, 'belchatow', 'Bełchatów'),
(92, 3, 17, 'zgierz', 'Zgierz'),
(93, 3, 13, 'skierniewice', 'Skierniewice'),
(94, 3, 11, 'radomsko', 'Radomsko'),
(95, 3, 3, 'kutno', 'Kutno'),
(96, 3, 16, 'zdunska-wola', 'Zduńska Wola'),
(97, 3, 12, 'sieradz', 'Sieradz'),
(98, 3, 5, 'lowicz', 'Łowicz'),
(99, 3, 15, 'wielun', 'Wieluń'),
(100, 3, 7, 'opoczno', 'Opoczno'),
(101, 3, 1, 'aleksandrow-lodzki', 'Aleksandrów Łódzki'),
(102, 3, 8, 'ozorkow', 'Ozorków'),
(103, 3, 4, 'lask', 'Łask'),
(104, 6, 6, 'krakow', 'Kraków'),
(105, 6, 13, 'tarnow', 'Tarnów'),
(106, 6, 8, 'nowy-sacz', 'Nowy Sącz'),
(107, 6, 11, 'oswiecim', 'Oświęcim'),
(108, 6, 3, 'chrzanow', 'Chrzanów'),
(109, 6, 10, 'olkusz', 'Olkusz'),
(110, 6, 9, 'nowy-targ', 'Nowy Targ'),
(111, 6, 2, 'bochnia', 'Bochnia'),
(112, 6, 4, 'gorlice', 'Gorlice'),
(113, 6, 17, 'zakopane', 'Zakopane'),
(114, 6, 12, 'skawina', 'Skawina'),
(115, 6, 16, 'wieliczka', 'Wieliczka'),
(116, 6, 1, 'andrychow', 'Andrychów'),
(117, 6, 14, 'trzebinia', 'Trzebinia'),
(118, 6, 15, 'wadowice', 'Wadowice'),
(119, 6, 5, 'kety', 'Kęty'),
(120, 6, 7, 'myslenice', 'Myślenice'),
(121, 7, 14, 'warszawa', 'Warszawa'),
(122, 7, 11, 'radom', 'Radom'),
(123, 7, 9, 'plock', 'Płock'),
(124, 7, 12, 'siedlce', 'Siedlce'),
(125, 7, 10, 'pruszkow', 'Pruszków'),
(126, 7, 3, 'legionowo', 'Legionowo'),
(127, 7, 6, 'ostroleka', 'Ostrołęka'),
(128, 7, 8, 'piaseczno', 'Piaseczno'),
(129, 7, 7, 'otwock', 'Otwock'),
(130, 7, 1, 'ciechanow', 'Ciechanów'),
(131, 7, 17, 'zyrardow', 'Żyrardów'),
(132, 7, 4, 'minsk-mazowiecki', 'Mińsk Mazowiecki'),
(133, 7, 15, 'wolomin', 'Wołomin'),
(134, 7, 13, 'sochaczew', 'Sochaczew'),
(135, 7, 16, 'zabki', 'Ząbki'),
(136, 7, 5, 'mlawa', 'Mława'),
(137, 7, 2, 'grodzisk-mazowiecki', 'Grodzisk Mazowiecki'),
(138, 8, 11, 'opole', 'Opole'),
(139, 8, 5, 'kedzierzyn-kozle', 'Kędzierzyn-Koźle'),
(140, 8, 9, 'nysa', 'Nysa'),
(141, 8, 1, 'brzeg', 'Brzeg'),
(142, 8, 6, 'kluczbork', 'Kluczbork'),
(143, 8, 14, 'prudnik', 'Prudnik'),
(144, 8, 15, 'strzelce-opolskie', 'Strzelce Opolskie'),
(145, 8, 7, 'krapkowice', 'Krapkowice'),
(146, 8, 8, 'namyslow', 'Namysłów'),
(147, 8, 3, 'glucholazy', 'Głuchołazy'),
(148, 8, 2, 'glubczyce', 'Głubczyce'),
(149, 8, 17, 'zdzieszowice', 'Zdzieszowice'),
(150, 8, 10, 'olesno', 'Olesno'),
(151, 8, 12, 'ozimek', 'Ozimek'),
(152, 8, 4, 'grodkow', 'Grodków'),
(153, 8, 13, 'praszka', 'Praszka'),
(154, 8, 16, 'zawadzkie', 'Zawadzkie'),
(155, 9, 14, 'rzeszow', 'Rzeszów'),
(156, 9, 11, 'przemysl', 'Przemyśl'),
(157, 9, 16, 'stalowa-wola', 'Stalowa Wola'),
(158, 9, 8, 'mielec', 'Mielec'),
(159, 9, 17, 'tarnobrzeg', 'Tarnobrzeg'),
(160, 9, 4, 'krosno', 'Krosno'),
(161, 9, 1, 'debica', 'Dębica'),
(162, 9, 2, 'jaroslaw', 'Jarosław'),
(163, 9, 15, 'sanok', 'Sanok'),
(164, 9, 3, 'jaslo', 'Jasło'),
(165, 9, 7, 'lancut', 'Łańcut'),
(166, 9, 12, 'przeworsk', 'Przeworsk'),
(167, 9, 13, 'ropczyce', 'Ropczyce'),
(168, 9, 9, 'nisko', 'Nisko'),
(169, 9, 5, 'lezajsk', 'Leżajsk'),
(170, 9, 6, 'lubaczow', 'Lubaczów'),
(171, 9, 10, 'nowa-deba', 'Nowa Dęba'),
(172, 10, 2, 'bialystok', 'Białystok'),
(173, 10, 14, 'suwalki', 'Suwałki'),
(174, 10, 10, 'lomza', 'Łomża'),
(175, 10, 1, 'augustow', 'Augustów'),
(176, 10, 3, 'bielsk-podlaski', 'Bielsk Podlaski'),
(177, 10, 17, 'zambrow', 'Zambrów'),
(178, 10, 6, 'grajewo', 'Grajewo'),
(179, 10, 7, 'hajnowka', 'Hajnówka'),
(180, 10, 13, 'sokolka', 'Sokółka'),
(181, 10, 9, 'lapy', 'Łapy'),
(182, 10, 12, 'siemiatycze', 'Siemiatycze'),
(183, 10, 15, 'wasilkow', 'Wasilków'),
(184, 10, 8, 'kolno', 'Kolno'),
(185, 10, 11, 'monki', 'Mońki'),
(186, 10, 5, 'czarna-bialostocka', 'Czarna Białostocka'),
(187, 10, 16, 'wysokie-mazowieckie', 'Wysokie Mazowieckie'),
(188, 10, 4, 'choroszcz', 'Choroszcz'),
(189, 11, 3, 'gdansk', 'Gdańsk'),
(190, 11, 4, 'gdynia', 'Gdynia'),
(191, 11, 12, 'slupsk', 'Słupsk'),
(192, 11, 15, 'tczew', 'Tczew'),
(193, 11, 17, 'wejherowo', 'Wejherowo'),
(194, 11, 11, 'rumia', 'Rumia'),
(195, 11, 14, 'starogard-gdanski', 'Starogard Gdański'),
(196, 11, 2, 'chojnice', 'Chojnice'),
(197, 11, 8, 'malbork', 'Malbork'),
(198, 11, 6, 'kwidzyn', 'Kwidzyn'),
(199, 11, 13, 'sopot', 'Sopot'),
(200, 11, 7, 'lebork', 'Lębork'),
(201, 11, 9, 'pruszcz-gdanski', 'Pruszcz Gdański'),
(202, 11, 10, 'reda', 'Reda'),
(203, 11, 5, 'koscierzyna', 'Kościerzyna'),
(204, 11, 1, 'bytow', 'Bytów'),
(205, 11, 16, 'ustka', 'Ustka'),
(206, 12, 9, 'katowice', 'Katowice'),
(207, 12, 4, 'czestochowa', 'Częstochowa'),
(208, 12, 14, 'sosnowiec', 'Sosnowiec'),
(209, 12, 6, 'gliwice', 'Gliwice'),
(210, 12, 16, 'zabrze', 'Zabrze'),
(211, 12, 1, 'bielsko-biala', 'Bielsko-Biała'),
(212, 12, 2, 'bytom', 'Bytom'),
(213, 12, 11, 'ruda-slaska', 'Ruda Śląska'),
(214, 12, 12, 'rybnik', 'Rybnik'),
(215, 12, 15, 'tychy', 'Tychy'),
(216, 12, 5, 'dabrowa-gornicza', 'Dąbrowa Górnicza'),
(217, 12, 3, 'chorzow', 'Chorzów'),
(218, 12, 8, 'jaworzno', 'Jaworzno'),
(219, 12, 7, 'jastrzebie-zdroj', 'Jastrzębie-Zdrój'),
(220, 12, 10, 'myslowice', 'Mysłowice'),
(221, 12, 13, 'siemianowice-slaskie', 'Siemianowice Śląskie'),
(222, 12, 17, 'zory', 'Żory'),
(223, 13, 4, 'kielce', 'Kielce'),
(224, 13, 7, 'ostrowiec-swietokrzyski', 'Ostrowiec Świętokrzyski'),
(225, 13, 13, 'starachowice', 'Starachowice'),
(226, 13, 12, 'skarzysko-kamienna', 'Skarżysko-Kamienna'),
(227, 13, 10, 'sandomierz', 'Sandomierz'),
(228, 13, 5, 'konskie', 'Końskie'),
(229, 13, 1, 'busko-zdroj', 'Busko-Zdrój'),
(230, 13, 2, 'jedrzejow', 'Jędrzejów'),
(231, 13, 14, 'staszow', 'Staszów'),
(232, 13, 8, 'pinczow', 'Pińczów'),
(233, 13, 17, 'wloszczowa', 'Włoszczowa'),
(234, 13, 16, 'suchedniow', 'Suchedniów'),
(235, 13, 9, 'polaniec', 'Połaniec'),
(236, 13, 6, 'opatow', 'Opatów'),
(237, 13, 11, 'sedziszow', 'Sędziszów'),
(238, 13, 15, 'staporkow', 'Stąporków'),
(239, 13, 3, 'kazimierza-wielka', 'Kazimierza Wielka'),
(240, 14, 14, 'olsztyn', 'Olsztyn'),
(241, 14, 4, 'elblag', 'Elbląg'),
(242, 14, 5, 'elk', 'Ełk'),
(243, 14, 15, 'ostroda', 'Ostróda'),
(244, 14, 7, 'ilawa', 'Iława'),
(245, 14, 6, 'gizycko', 'Giżycko'),
(246, 14, 8, 'ketrzyn', 'Kętrzyn'),
(247, 14, 1, 'bartoszyce', 'Bartoszyce'),
(248, 14, 17, 'szczytno', 'Szczytno'),
(249, 14, 11, 'mragowo', 'Mrągowo'),
(250, 14, 3, 'dzialdowo', 'Działdowo'),
(251, 14, 16, 'pisz', 'Pisz'),
(252, 14, 2, 'braniewo', 'Braniewo'),
(253, 14, 13, 'olecko', 'Olecko'),
(254, 14, 9, 'lidzbark-warminski', 'Lidzbark Warmiński'),
(255, 14, 10, 'morag', 'Morąg'),
(256, 14, 12, 'nidzica', 'Nidzica'),
(257, 15, 12, 'poznan', 'Poznań'),
(258, 15, 3, 'kalisz', 'Kalisz'),
(259, 15, 5, 'konin', 'Konin'),
(260, 15, 11, 'pila', 'Piła'),
(261, 15, 10, 'ostrow-wielkopolski', 'Ostrów Wielkopolski'),
(262, 15, 1, 'gniezno', 'Gniezno'),
(263, 15, 8, 'leszno', 'Leszno'),
(264, 15, 13, 'swarzedz', 'Swarzędz'),
(265, 15, 9, 'lubon', 'Luboń'),
(266, 15, 14, 'srem', 'Śrem'),
(267, 15, 17, 'wrzesnia', 'Września'),
(268, 15, 7, 'krotoszyn', 'Krotoszyn'),
(269, 15, 15, 'turek', 'Turek'),
(270, 15, 2, 'jarocin', 'Jarocin'),
(271, 15, 16, 'wagrowiec', 'Wągrowiec'),
(272, 15, 6, 'koscian', 'Kościan'),
(273, 15, 4, 'kolo', 'Koło'),
(274, 16, 13, 'szczecin', 'Szczecin'),
(275, 16, 9, 'koszalin', 'Koszalin'),
(276, 16, 12, 'stargard', 'Stargard'),
(277, 16, 8, 'kolobrzeg', 'Kołobrzeg'),
(278, 16, 16, 'swinoujscie', 'Świnoujście'),
(279, 16, 14, 'szczecinek', 'Szczecinek'),
(280, 16, 11, 'police', 'Police'),
(281, 16, 17, 'walcz', 'Wałcz'),
(282, 16, 2, 'bialogard', 'Białogard'),
(283, 16, 5, 'goleniow', 'Goleniów'),
(284, 16, 7, 'gryfino', 'Gryfino'),
(285, 16, 10, 'nowogard', 'Nowogard'),
(286, 16, 6, 'gryfice', 'Gryfice'),
(287, 16, 15, 'swidwin', 'Świdwin'),
(288, 16, 3, 'choszczno', 'Choszczno'),
(289, 16, 1, 'barlinek', 'Barlinek'),
(290, 16, 4, 'darlowo', 'Darłowo');

--
-- Zrzut danych tabeli `subcategory`
--

INSERT INTO `subcategory` (`category_id`, `subcategory_id`, `count`) VALUES
(0, 1, 0),
(0, 2, 0),
(0, 3, 0),
(0, 4, 0),
(0, 5, 0),
(0, 7, 0),
(0, 8, 0),
(0, 9, 0),
(8, 9, 0),
(0, 10, 0),
(8, 10, 0),
(0, 11, 0),
(8, 11, 0),
(0, 12, 0),
(0, 13, 0),
(1, 13, 0),
(0, 14, 0),
(1, 14, 0),
(0, 15, 0),
(1, 15, 0),
(0, 16, 0),
(3, 16, 0),
(0, 17, 0),
(3, 17, 0),
(0, 18, 0),
(1, 18, 0),
(0, 19, 0),
(12, 19, 0),
(0, 20, 0),
(12, 20, 0),
(0, 21, 0),
(12, 21, 0),
(0, 22, 0),
(12, 22, 0),
(0, 23, 0),
(2, 23, 0),
(0, 24, 0),
(2, 24, 0),
(0, 25, 0),
(2, 25, 0),
(0, 26, 0),
(2, 26, 0),
(0, 27, 0),
(4, 27, 0),
(0, 28, 0),
(4, 28, 0),
(0, 29, 0),
(7, 29, 0),
(0, 30, 0),
(7, 30, 0),
(0, 31, 0),
(7, 31, 0),
(0, 32, 0),
(7, 32, 0);

--
-- Zrzut danych tabeli `type`
--

INSERT INTO `type` (`id`, `slug`, `name`, `position`) VALUES
(1, 'kupie', 'Kupię', 1),
(2, 'sprzedam', 'Sprzedam', 2),
(3, 'uslugi', 'Usługi', 3),
(4, 'wynajme', 'Wynajmę', 4),
(5, 'zamienie', 'Zamienię', 5);
